<ImportExportXml version="9.2.22021.129" SolutionPackageVersion="9.2" languagecode="1033" generatedBy="CrmLive" xmlns:xsi="http://www.w3.org/2001/XMLSchema-instance">
  <SolutionManifest>
    <UniqueName>SurveyManagement</UniqueName>
    <LocalizedNames>
      <LocalizedName description="Survey Management" languagecode="1033" />
    </LocalizedNames>
    <Descriptions />
    <Version>1.0.0.2</Version>
    <Managed>0</Managed>
    <Publisher>
      <UniqueName>huseyindevelopments</UniqueName>
      <LocalizedNames>
        <LocalizedName description="Huseyin Developments" languagecode="1033" />
      </LocalizedNames>
      <Descriptions />
      <EMailAddress xsi:nil="true"></EMailAddress>
      <SupportingWebsiteUrl xsi:nil="true"></SupportingWebsiteUrl>
      <CustomizationPrefix>hz</CustomizationPrefix>
      <CustomizationOptionValuePrefix>41944</CustomizationOptionValuePrefix>
      <Addresses>
        <Address>
          <AddressNumber>1</AddressNumber>
          <AddressTypeCode>1</AddressTypeCode>
          <City xsi:nil="true"></City>
          <County xsi:nil="true"></County>
          <Country xsi:nil="true"></Country>
          <Fax xsi:nil="true"></Fax>
          <FreightTermsCode xsi:nil="true"></FreightTermsCode>
          <ImportSequenceNumber xsi:nil="true"></ImportSequenceNumber>
          <Latitude xsi:nil="true"></Latitude>
          <Line1 xsi:nil="true"></Line1>
          <Line2 xsi:nil="true"></Line2>
          <Line3 xsi:nil="true"></Line3>
          <Longitude xsi:nil="true"></Longitude>
          <Name xsi:nil="true"></Name>
          <PostalCode xsi:nil="true"></PostalCode>
          <PostOfficeBox xsi:nil="true"></PostOfficeBox>
          <PrimaryContactName xsi:nil="true"></PrimaryContactName>
          <ShippingMethodCode>1</ShippingMethodCode>
          <StateOrProvince xsi:nil="true"></StateOrProvince>
          <Telephone1 xsi:nil="true"></Telephone1>
          <Telephone2 xsi:nil="true"></Telephone2>
          <Telephone3 xsi:nil="true"></Telephone3>
          <TimeZoneRuleVersionNumber xsi:nil="true"></TimeZoneRuleVersionNumber>
          <UPSZone xsi:nil="true"></UPSZone>
          <UTCOffset xsi:nil="true"></UTCOffset>
          <UTCConversionTimeZoneCode xsi:nil="true"></UTCConversionTimeZoneCode>
        </Address>
        <Address>
          <AddressNumber>2</AddressNumber>
          <AddressTypeCode>1</AddressTypeCode>
          <City xsi:nil="true"></City>
          <County xsi:nil="true"></County>
          <Country xsi:nil="true"></Country>
          <Fax xsi:nil="true"></Fax>
          <FreightTermsCode xsi:nil="true"></FreightTermsCode>
          <ImportSequenceNumber xsi:nil="true"></ImportSequenceNumber>
          <Latitude xsi:nil="true"></Latitude>
          <Line1 xsi:nil="true"></Line1>
          <Line2 xsi:nil="true"></Line2>
          <Line3 xsi:nil="true"></Line3>
          <Longitude xsi:nil="true"></Longitude>
          <Name xsi:nil="true"></Name>
          <PostalCode xsi:nil="true"></PostalCode>
          <PostOfficeBox xsi:nil="true"></PostOfficeBox>
          <PrimaryContactName xsi:nil="true"></PrimaryContactName>
          <ShippingMethodCode>1</ShippingMethodCode>
          <StateOrProvince xsi:nil="true"></StateOrProvince>
          <Telephone1 xsi:nil="true"></Telephone1>
          <Telephone2 xsi:nil="true"></Telephone2>
          <Telephone3 xsi:nil="true"></Telephone3>
          <TimeZoneRuleVersionNumber xsi:nil="true"></TimeZoneRuleVersionNumber>
          <UPSZone xsi:nil="true"></UPSZone>
          <UTCOffset xsi:nil="true"></UTCOffset>
          <UTCConversionTimeZoneCode xsi:nil="true"></UTCConversionTimeZoneCode>
        </Address>
      </Addresses>
    </Publisher>
    <RootComponents>
      <RootComponent type="1" schemaName="hz_survey" behavior="0" />
      <RootComponent type="1" schemaName="hz_surveyansweroption" behavior="0" />
      <RootComponent type="1" schemaName="hz_surveyansweroptiontemplate" behavior="0" />
      <RootComponent type="1" schemaName="hz_surveyquestion" behavior="0" />
      <RootComponent type="1" schemaName="hz_surveyquestiongroup" behavior="0" />
      <RootComponent type="1" schemaName="hz_surveyrequest" behavior="0" />
      <RootComponent type="1" schemaName="hz_surveyresponse" behavior="0" />
      <RootComponent type="9" schemaName="hz_surveypaginationtypecode" behavior="0" />
      <RootComponent type="9" schemaName="hz_surveyquestiontypecode" behavior="0" />
      <RootComponent type="29" id="{4edd81e7-86ad-4340-af9b-4714a6852831}" behavior="0" />
      <RootComponent type="29" id="{8091c1c8-e0c8-445f-b47e-aaa7f2322cd3}" behavior="0" />
      <RootComponent type="91" id="{e15c23e3-075b-4742-93ad-458d68e09747}" schemaName="SurveyManagement.Actions, Version=1.0.0.0, Culture=neutral, PublicKeyToken=104bfc404be9b652" behavior="0" />
      <RootComponent type="431" schemaName="hz_survey hz_image" behavior="0" />
      <RootComponent type="431" schemaName="hz_surveyansweroption hz_image" behavior="0" />
      <RootComponent type="431" schemaName="hz_surveyquestion hz_image" behavior="0" />
      <RootComponent type="432" schemaName="hz_survey" behavior="0" />
      <RootComponent type="432" schemaName="hz_surveyansweroption" behavior="0" />
      <RootComponent type="432" schemaName="hz_surveyquestion" behavior="0" />
    </RootComponents>
    <MissingDependencies />
  </SolutionManifest>
</ImportExportXml>