<?xml version="1.0" encoding="UTF-8" standalone="yes"?>
<manifest>
  <control namespace="hz" constructor="SurveyManagementControl" version="0.0.11" display-name-key="SurveyManagementControl" description-key="SurveyManagementControl description" control-type="standard" api-version="1.3.1">
    <external-service-usage enabled="false"/>
    <property name="surveyRequestProperty" display-name-key="Property_Display_Key" description-key="Property_Desc_Key" of-type="Lookup.Simple" usage="bound" required="true"/>
    <resources>
      <code path="bundle.js" order="1"/>
      <css path="css/SurveyManagementControl.css" order="1"/>
    </resources>
    <feature-usage>
      <uses-feature name="Device.captureAudio" required="true"/>
      <uses-feature name="Device.captureImage" required="true"/>
      <uses-feature name="Device.captureVideo" required="true"/>
      <uses-feature name="Device.getBarcodeValue" required="true"/>
      <uses-feature name="Device.getCurrentPosition" required="true"/>
      <uses-feature name="Device.pickFile" required="true"/>
      <uses-feature name="Utility" required="true"/>
      <uses-feature name="WebAPI" required="true"/>
    </feature-usage>
    <built-by name="pac" version="1.7.4"/>
  </control>
</manifest>